id,text,created_at,retweet_count,favorite_count,source,user_id,user_screen_name,user_name,user_created_at,user_description,user_followers_count,user_friends_count,user_location
970863900265762817,"RT @SMHoaxSlayer: This is a decade old Hoax, products and photos keep changing. Then it was Frooti, Maaza, now it's Cadbury. All such Hoax‚Ä¶",2018-03-06 03:29:26,32,0,Twitter for Android,869131513488605185,wkp1971,Wachaspati Pandey,2017-05-29 10:01:15,"‡§≠‡§ø‡§®‡•ç‡§® ‡§∞‡•Å‡§ö‡§ø‡§∞‡•ç‡§π‡§ø ‡§≤‡•ã‡§ï‡§æ: ‡•§ People have varied tastes, likes and dislikes.",87,87,"New Delhi, India"
970853913346887680,RT @Cadbury_SA: @VodacomCare The hoax circulating about a Cadbury employee contaminating chocolate with HIV infected blood is exactly that‚Ä¶,2018-03-06 02:49:45,7,0,Twitter for Android,762335677979713537,MixoFloyd,ÂäüÂ§´ËÇØÂ∞º‚Ñ¢,2016-08-07 17:12:44,"Don't underestimate my abilities, I can take over the world üåç with my eyes üëÄ closed.",134,93,"Soweto, South Africa"
970852758885511169,"Neither Anchor Butter, Cadbury chocolate, nor Pepsi has been infected with HIV. This is a totally false rumor in ve‚Ä¶ https://t.co/elzPAFXWH7",2018-03-06 02:45:09,0,0,Twitter Web Client,2408033467,bombasticbunnee,Michael Fullam,2014-03-24 00:06:33,"I want to change the world, for the better!  You'll usually see me at a rally or trying to raise funds for charity or writing my daily blogs.     üåà",1485,1492,United States
970847508283846656,"This is what happens when you give a chocolate factory to a fucking child.

https://t.co/rocIW7WZeS",2018-03-06 02:24:18,0,0,Twitter Web Client,554690428,LuciusPaisley,Mister Not A Number,2012-04-15 22:40:47,"My tweets and opinions are those of my employer, I don't really want to type this shit. They MAKE me.",50,374,"Quakers Hill, Australia"
970844341156524033,"RT @SMHoaxSlayer: This is a decade old Hoax, products and photos keep changing. Then it was Frooti, Maaza, now it's Cadbury. All such Hoax‚Ä¶",2018-03-06 02:11:43,32,0,Twitter for Android,421807665,SaileshJain114,Sailesh Jain,2011-11-26 12:04:07,"In a complicated relationship with Chartered Accountancy| 
Die hard fan of mortal kombat| Introvert",89,193,"Hyderabad, India"
970840417133477889,"RT @SMHoaxSlayer: This is a decade old Hoax, products and photos keep changing. Then it was Frooti, Maaza, now it's Cadbury. All such Hoax‚Ä¶",2018-03-06 01:56:07,32,0,Twitter for Android,144740576,amitkhaiwa,Amit Khaiwal,2010-05-17 05:15:32,"An Admirer of Gandhi. JNUite. S/W Freelancer. I-Saksham. Learner at P&H Highcourt.

 Rebel.",331,254,"Chandigarh, India"
970840113713328128,"RT @SMHoaxSlayer: This is a decade old Hoax, products and photos keep changing. Then it was Frooti, Maaza, now it's Cadbury. All such Hoax‚Ä¶",2018-03-06 01:54:55,32,0,Twitter for Android,190762315,Vikashjani,‡™¨‡´ç‡™∞‡™π‡´ç‡™Æ‡™ï‡´ç‡™∑‡™§‡´ç‡™∞‡™ø‡™Ø üáÆüá≥,2010-09-14 19:40:12,"Patriot,nationalist,indian - my tweets are not for the light hearted and sensitive.",396,925,
970832550854668289,"RT @SMHoaxSlayer: This is a decade old Hoax, products and photos keep changing. Then it was Frooti, Maaza, now it's Cadbury. All such Hoax‚Ä¶",2018-03-06 01:24:51,32,0,Twitter for Android,402007279,3rd_Handle,Democratically,2011-10-31 12:15:17,"Discovery of India by Nehru, Gandhi by Attenborough are my favourites.
RTs are not endorsements.",173,236,
970821790351089664,"Are Cadbury chocolates and Anchor butter products infected with HIV virus?
https://t.co/RpSRYY2nsz",2018-03-06 00:42:06,0,1,Twitter for Android,3932413813,RamjankiA,Ramjanki Ashram,2015-10-18 04:54:57,,33,3,
970820016856883207,Can you get HIV from a Cadbury Creme Egg? - Metro US https://t.co/wUin36qRJY https://t.co/lncyIuNyLW https://t.co/NPqBZdK0P5,2018-03-06 00:35:03,0,0,dlvr.it,955945384479739904,janbokjanbok,Jan Bok,2018-01-23 23:28:35,https://t.co/6whuXxkAIn,3,30,
970786730218590208,RT @imstilljosh: #HIVscoop: is this guy infecting Cadbury candy with #HIV? üò± Look what was uncovered. #imstilljosh #HIVstigma https://t.co/‚Ä¶,2018-03-05 22:22:47,7,0,Twitter for iPhone,489851075,imstilljosh,Josh Robbins,2012-02-11 23:50:59,"2017 GLAAD-nom #HIV #LGBT activist, author, video maker, artist, podcaster #HIVscoop @TEDx & College Speaker, #WorldAIDSDay, Consultant: https://t.co/wcZWX8Cm73",17424,14795,"Nashville, TN"
970769129895579648,wait someone said we have HIV infected cadbury chocolates üò≠ how true is this ? üíîüò®,2018-03-05 21:12:51,0,0,Twitter Lite,804648731874357248,glo_mummi,5bop ‚ö°,2016-12-02 11:29:42,"made love with calypso now all i know is destruction üê≤

I.G : glo.mummi",502,166,03:29/07:22
970744424111075328,"RT @SMHoaxSlayer: This is a decade old Hoax, products and photos keep changing. Then it was Frooti, Maaza, now it's Cadbury. All such Hoax‚Ä¶",2018-03-05 19:34:40,32,0,Twitter for Android,1647377772,ShivNLal,S.N.Lal,2013-08-05 09:43:11,"‡§®‡§ø‡§∞‡•ç‡§Æ‡§≤ ‡§Æ‡§®, ‡§ú‡§® ‡§∏‡•ã ‡§Æ‡•ã‡§π‡§ø ‡§™‡§æ‡§µ‡§æ. ‡§Æ‡•ã‡§π‡§ø ‡§ï‡§™‡§ü, ‡§õ‡§≤, ‡§õ‡§ø‡§¶‡•ç‡§∞ ‡§® ‡§≠‡§æ‡§µ‡§æ",125,687,New Delhi
970732153897177089,"RT @SMHoaxSlayer: This is a decade old Hoax, products and photos keep changing. Then it was Frooti, Maaza, now it's Cadbury. All such Hoax‚Ä¶",2018-03-05 18:45:55,32,0,Twitter for iPhone,135288849,cricpie,Rakesh Panigrahi,2010-04-20 22:03:20,"Engineer By Profession, Engineered for Cricket.",135,137,"Wilmslow, England"
970726710789509120,"RT @SMHoaxSlayer: This is a decade old Hoax, products and photos keep changing. Then it was Frooti, Maaza, now it's Cadbury. All such Hoax‚Ä¶",2018-03-05 18:24:17,32,0,Twitter for Android,71823255,bkag009,B.K.Agarwal,2009-09-05 15:21:49,"IAS, Graduation IIT Roorkee. Post Graduation IIT Delhi.",560,75,Delhi India
970724439477440512,See within the last week I‚Äôve seen a post getting shared of the same guy getting the jail for dipping his hiv blood‚Ä¶ https://t.co/ZVggH99HGO,2018-03-05 18:15:16,0,4,Twitter for iPhone,78160756,ciaraned,Ciaran Edelsten,2009-09-28 23:57:44,I want to listen to the song are those the reebok or the Nike‚Äôs,677,379,mean streets of crosshill
970720816412463104,"RT @SMHoaxSlayer: This is a decade old Hoax, products and photos keep changing. Then it was Frooti, Maaza, now it's Cadbury. All such Hoax‚Ä¶",2018-03-05 18:00:52,32,0,Twitter for iPhone,356691408,Yogi_sanju,#ChangeIsNear,2011-08-17 06:41:38,"The non-conformist....""usoolon pe baat aa jaye to takrana jaroori hain ; tum agar jinda ho , to jinda nazar aana jaroori hain"" .",385,773,Bangalore
970716910554898433,"RT @SMHoaxSlayer: This is a decade old Hoax, products and photos keep changing. Then it was Frooti, Maaza, now it's Cadbury. All such Hoax‚Ä¶",2018-03-05 17:45:21,32,0,Twitter for Android,19770797,madil80,‡§Ü‡§¶‡§ø‡§≤,2009-01-30 15:07:05,#SocialMedia | #Marketing | #SocialMediaMarketing | #Crowdfunding | #Scrap498a | AK Fan | RT's not Endorsement | Incorruptible | Twitter Addict,40109,169,Moradabad & Lucknow
970715005862555648,"RT @SMHoaxSlayer: This is a decade old Hoax, products and photos keep changing. Then it was Frooti, Maaza, now it's Cadbury. All such Hoax‚Ä¶",2018-03-05 17:37:47,32,0,Twitter Lite,1124167148,BreakiNews,#RafaleScam Anugrah,2013-01-27 06:27:14,"Stupidity will be blocked w/o notice.No discrimination based on caste, creed, sex & colour tolerated. Creative abuses OK.",3816,645,Bhaktistan
970713424140189696,"RT @SMHoaxSlayer: This is a decade old Hoax, products and photos keep changing. Then it was Frooti, Maaza, now it's Cadbury. All such Hoax‚Ä¶",2018-03-05 17:31:29,32,0,Twitter for Android,140462467,rprabhuvk,Prabhu Krishna,2010-05-05 15:08:16,"A proven Optimist for self & Pessimist with NewsMedia, FUN loving, Madurai paiyan :)
RTs are endorsements üòÅ",565,238,"Madurai, India"
970712072580358144,"RT @SMHoaxSlayer: This is a decade old Hoax, products and photos keep changing. Then it was Frooti, Maaza, now it's Cadbury. All such Hoax‚Ä¶",2018-03-05 17:26:07,32,0,Twitter for Android,876569694853099522,Khurram97011311,Khurram,2017-06-18 22:37:55,Sports Food & Drink Fitness & Wellness Lifestyle Personalities Technology & Science,109,494,"ŸæŸÜÿ¨ÿßÿ®, Ÿæÿß⁄©ÿ≥ÿ™ÿßŸÜ"
970711886877679617,"RT @SMHoaxSlayer: This is a decade old Hoax, products and photos keep changing. Then it was Frooti, Maaza, now it's Cadbury. All such Hoax‚Ä¶",2018-03-05 17:25:23,32,0,Twitter for Android,4116517933,gur2009,baljinder singh,2015-11-03 20:25:16,"Liberal, Secular, and think all politicians alike just choose the best out of the worst and don't idolise anyone",59,109,Ludhiana
970710352009707520,"RT @SMHoaxSlayer: This is a decade old Hoax, products and photos keep changing. Then it was Frooti, Maaza, now it's Cadbury. All such Hoax‚Ä¶",2018-03-05 17:19:17,32,0,Twitter for Android,150736069,shanmu_tweets,Shanmugavel Ramani,2010-06-01 17:52:57,"info geek, Microsoft engineer ,sports enthusiast ,movie buff, photographer, traveler, social buff!",334,1429,"Redmond, WA"
970710217469018116,"RT @SMHoaxSlayer: This is a decade old Hoax, products and photos keep changing. Then it was Frooti, Maaza, now it's Cadbury. All such Hoax‚Ä¶",2018-03-05 17:18:45,32,0,Twitter for Android,837019470799384577,abvphunter,Rohan,2017-03-01 19:19:27,Engineer by graduation!  Activist by heart! Indian by indianness! Proud to be not followed by Narendra Modi!,96,572,"Maharashtra, India"
970710195381792768,"RT @SMHoaxSlayer: This is a decade old Hoax, products and photos keep changing. Then it was Frooti, Maaza, now it's Cadbury. All such Hoax‚Ä¶",2018-03-05 17:18:40,32,0,Twitter for Android,62245604,rawatpankaj,DilSe..,2009-08-02 11:37:21,"9 - 6 job for EMI's. Learning to 'Write' right, Runner & Biker in the making #‡§¶‡§ø‡§≤‡§∏‡•á",1010,362,‡§ï‡•Å‡§õ ‡§â‡§≤‡§ù‡§§‡•á ‡•ô‡•ç‡§µ‡§æ‡§¨‡•ã‡§Ç ‡§Æ‡•á‡§Ç....
970710028146458624,"RT @SMHoaxSlayer: This is a decade old Hoax, products and photos keep changing. Then it was Frooti, Maaza, now it's Cadbury. All such Hoax‚Ä¶",2018-03-05 17:18:00,32,0,Twitter for Android,46890562,SRK_Dexter,toshiro mifune fan account,2009-06-13 14:05:48,WITNESS ME!,1949,378,La la Land
970709839507636224,"RT @SMHoaxSlayer: This is a decade old Hoax, products and photos keep changing. Then it was Frooti, Maaza, now it's Cadbury. All such Hoax‚Ä¶",2018-03-05 17:17:15,32,0,Twitter Web Client,1880007613,Seprabakar,S.E. Prabakar,2013-09-18 16:02:00,"CA by Profession ; Businessman by Choice ; Part of the Silent Majority of Countrymen who watch, have opinion but Silent.. GST",617,1269,
970709667885150209,"RT @SMHoaxSlayer: This is a decade old Hoax, products and photos keep changing. Then it was Frooti, Maaza, now it's Cadbury. All such Hoax‚Ä¶",2018-03-05 17:16:34,32,0,Twitter for Android,272771257,Aryan8383,ARYAN JATOLIYA,2011-03-27 04:33:10,Wanna C Corruption Fre India.. RT's R NT ENDORSEMENT,685,676,"Rajasthan, India"
970709542530056198,"RT @SMHoaxSlayer: This is a decade old Hoax, products and photos keep changing. Then it was Frooti, Maaza, now it's Cadbury. All such Hoax‚Ä¶",2018-03-05 17:16:04,32,0,Twitter for Android,203525918,21century_kant,Wolverine \|/,2010-10-16 13:43:16,"‡•§ Traveler ‡•§ Engineer‡•§ Human‡•§ Movie Lover‡•§
‡§¨‡§ø‡§π‡§æ‡§∞‡•Ä ‡•§ ‡§Æ‡§∞‡§æ‡§†‡•Ä‡•§ ‡§Ö‡§§‡•Å‡§≤‡•ç‡§Ø!‡§≠‡§æ‡§∞‡§§‡•§ ‡§Ø‡§æ‡§∞‡•ã‡§Ç ‡§ï‡§æ ‡§Ø‡§æ‡§∞ ‡•§‡•§
YES FOR DM. @shashipedia",10609,667,India or Asgardia 
970709483759587328,"RT @SMHoaxSlayer: This is a decade old Hoax, products and photos keep changing. Then it was Frooti, Maaza, now it's Cadbury. All such Hoax‚Ä¶",2018-03-05 17:15:50,32,0,Twitter for Android,44693597,RuchirPant,‡§∞‡•Ç‡§π ‡§ö‡•Ä‡§∞,2009-06-04 19:16:54,Living Life My Size!,1129,708,India
970709480831967233,"RT @SMHoaxSlayer: This is a decade old Hoax, products and photos keep changing. Then it was Frooti, Maaza, now it's Cadbury. All such Hoax‚Ä¶",2018-03-05 17:15:49,32,0,Twitter for Android,378126181,ZarrarKhuhro,Zarrar Khuhro,2011-09-22 17:47:16,Rent-a-journalist. Dawn columnist. Co-Host #ZaraHatKay Lord of Trolls. Freelance relu katta.  Insect of Twitter. Inventor of tamgha-e-chay.,113566,1641,Pakistan
970709406630363136,"RT @SMHoaxSlayer: This is a decade old Hoax, products and photos keep changing. Then it was Frooti, Maaza, now it's Cadbury. All such Hoax‚Ä¶",2018-03-05 17:15:32,32,0,Twitter Web Client,705666184188801025,Cr0ssTheStream,I'll,2016-03-04 08:08:23,"If you wanna hurl abuse at someone, please don't tag me or the person in question. Kthx :)",815,333,
970708929545162753,"This is a decade old Hoax, products and photos keep changing. Then it was Frooti, Maaza, now it's Cadbury. All such‚Ä¶ https://t.co/GtxeBb945t",2018-03-05 17:13:38,32,48,IFTTT,3307871390,SMHoaxSlayer,SM Hoax Slayer,2015-08-06 14:16:10,"India's Fastest, Oldest & Largest  fact checker. Recognized By Global Media & in India too. Providing proofs against #FakeNews brainwashing people. TEDx Speaker",35357,431,"Mumbai, India"
970706448853360640,My coworker won‚Äôt stop telling me abiut some Facebook story about how all the Cadbury eggs were infected with HIV.‚Ä¶ https://t.co/Tr7gYfwJ41,2018-03-05 17:03:46,0,2,Twitter for iPhone,623330554,kyleeawiech,Kylee Awiech,2012-07-01 02:18:22,Writer. Library Clerk. Former girl band drummer. Hufflepuff. Pronounced A Witch but without the t.,117,194,
970688890762944512,"Are Cadbury chocolates and Anchor butter products infected with HIV virus?

#Cadburychocolates #HIV

https://t.co/7lMpdYjrbH",2018-03-05 15:54:00,0,0,TweetDeck,403670899,ibtimes_india,IBTimes India,2011-11-02 20:46:16,International Business Times | India Edition | Indian News for the global news consumer - Follow us on Facebook: https://t.co/HTGgtZuVe7,15311,20,India
970670852286091267,RT @imstilljosh: #HIVscoop: is this guy infecting Cadbury candy with #HIV? üò± Look what was uncovered. #imstilljosh #HIVstigma https://t.co/‚Ä¶,2018-03-05 14:42:20,7,0,Twitter for Android,933174729694896128,sweetcyn41,Windy Cindy,2017-11-22 03:26:07,"Lover of life, travel & what's right. Anti Trumper/ Anti GOP. They're crooks. I don't support treason or theft. I support the poor, old, sick, & kids.",345,260,
970669046390820864,RT @imstilljosh: #HIVscoop: is this guy infecting Cadbury candy with #HIV? üò± Look what was uncovered. #imstilljosh #HIVstigma https://t.co/‚Ä¶,2018-03-05 14:35:09,7,0,Twitter for Android,553065573,Mercetheseries,Merce,2012-04-13 20:22:11,"‚ÄúMerce‚Äù is an original campy musical comedy series about a middle-aged, HIV-positive man living in New York.  Currently in post-production for season 2!",788,1232,"New York City, baby!"
970661302829010945,RT @StooDogg2409: Cadbury Products Contaminated With HIV FAKE NEWS ALERT!: https://t.co/Ma0vZZxyRD via @YouTube,2018-03-05 14:04:23,1,0,Twitter Web Client,4909645468,StooDogg2409,Stewart Burne-Jones,2016-02-14 16:53:42,"Hey, I'm StooDogg. I make gaming videos. Retrogaming and Star Trek Online mostly.   https://t.co/5ugdTVFl22",1137,3314,"Scotland, United Kingdom"
970660093695021057,RT @imstilljosh: #HIVscoop: is this guy infecting Cadbury candy with #HIV? üò± Look what was uncovered. #imstilljosh #HIVstigma https://t.co/‚Ä¶,2018-03-05 13:59:34,7,0,Twitter for iPhone,2497323238,BlastzG_,Blastz,2014-04-20 13:59:54,|Call Of Duty Player for @?|Use Code ‚ÄúBlastz‚ÄùFor 10% @GalvanizedGrips|,562,232,
970600813231034368,@Djandy_kay The hoax circulating about a Cadbury employee contaminating chocolate with HIV infected blood is exactly that - a false hoax.,2018-03-05 10:04:01,0,3,Twitter Web Client,713938003,Cadbury_SA,Cadbury Dairy Milk,2012-07-24 08:27:12,"It‚Äôs time to experience not only a glass and a half full of milk, but also a glass and a half full of joy with Cadbury Dairy Milk.",21305,427,South Africa
970589442275708928,RT @imstilljosh: #HIVscoop: is this guy infecting Cadbury candy with #HIV? üò± Look what was uncovered. #imstilljosh #HIVstigma https://t.co/‚Ä¶,2018-03-05 09:18:50,7,0,Twitter Web Client,3028669325,gordasmus,Gord Asmus,2015-02-10 19:53:57,,117,87,"Ottawa, Ontario"
970563098502459394,"RT @HIVscoop: #HIVscoop: this guy is infecting Cadbury candy with HIV? Watch this scary, untrue viral social media news. https://t.co/Rft50‚Ä¶",2018-03-05 07:34:09,1,0,Twitter for iPhone,776968770,PozLadLincolnUK,Darren,2012-08-23 23:27:36,Its my world that i want to have a little pride in my world and its not a place i have to hide in. i don't want praise and i dont want pitty,290,161,"Lincoln, England"
970465881267556353,RT @imstilljosh: #HIVscoop: is this guy infecting Cadbury candy with #HIV? üò± Look what was uncovered. #imstilljosh #HIVstigma https://t.co/‚Ä¶,2018-03-05 01:07:51,7,0,Twitter for iPhone,16691705,mrs_kam,Kamaria Laffrey,2008-10-11 01:42:55,"International #HIV advocate | Founder of #emPOWERed Legacies | @TheSeroProject FL Community Organizer | Never go a day w/out prayer, laughter & coffee on repeat",1448,2504,FL
970436076950056960,@boblister_poole @heidiEC5 Wasn't their product tainted with HIV blood. I'm with u no more Cadbury for me.,2018-03-04 23:09:25,0,0,Twitter for Android,796788511361798144,Carmenkristy01,Carmen K,2016-11-10 18:55:59,Proud Canadian. If u r a liberal & can't debate without insults or profanity please move on. Political & üåé issues.,2652,2611,
970430006571732995,so an employee from cadbury infected products with his blood infected with HIV.... easter is cancelled,2018-03-04 22:45:17,0,1,Twitter for iPhone,707978730,kaitlizdav,üå±,2012-07-20 23:25:15,still trying to think of something cool to say here,299,204,
970419313520734209,Can people srsly stop putting hoax articles up. My dad thinks Cadbury chocolate is infected with HIV.,2018-03-04 22:02:48,0,0,Twitter for iPhone,2921673240,benjtrillado,Benjamin Trillado,2014-12-07 13:41:52,20. Singer/Songwriter. Melbournian.,608,504,"Melbourne, AU"
970300983636054016,RT @imstilljosh: #HIVscoop: is this guy infecting Cadbury candy with #HIV? üò± Look what was uncovered. #imstilljosh #HIVstigma https://t.co/‚Ä¶,2018-03-04 14:12:36,7,0,Twitter Lite,1915138771,Native_Orchid,NickManchester,2013-09-28 19:33:32,Intersex and proud of it! Was a migrant worker for years. Loved it. Miss it.,36,54,"Colorado, USA"
970300252363395072,"#HIVscoop: this guy is infecting Cadbury candy with HIV? Watch this scary, untrue viral social media news. https://t.co/Rft50BmmtN",2018-03-04 14:09:42,1,0,Twitter for iPhone,2460257974,HIVscoop,#HIVscoop News,2014-04-04 15:58:01,"Official account for award-winning, digitally syndicated buzz worthy #HIV news videos hosted by @imstilljosh, Weekly on POZIAM Radio Sun 2EST",1725,1607,"Nashville, TN"
970297869818322944,#HIVscoop: is this guy infecting Cadbury candy with #HIV? üò± Look what was uncovered. #imstilljosh #HIVstigma https://t.co/mPlFhi5Hoy,2018-03-04 14:00:14,7,12,Twitter for iPhone,489851075,imstilljosh,Josh Robbins,2012-02-11 23:50:59,"2017 GLAAD-nom #HIV #LGBT activist, author, video maker, artist, podcaster #HIVscoop @TEDx & College Speaker, #WorldAIDSDay, Consultant: https://t.co/wcZWX8Cm73",17424,14795,"Nashville, TN"
970269207303770113,"RT @AfricaCheck: üíâ Did a #Cadbury employee add his infected blood to the sweet treat maker‚Äôs products, as claimed in a viral social media i‚Ä¶",2018-03-04 12:06:20,5,0,Twitter for Android,805140384124956672,LesleyS8888,Lesley Stuart,2016-12-03 20:03:21,"A lover ... of words, good books, good deeds, kindness, beauty, love - and reading, 'riting, 'rithmetic, really ancient cultures, linguistics and anthropology ~",104,114,The Mother City 
970213933972901888,"RT @AfricaCheck: üíâ Did a #Cadbury employee add his infected blood to the sweet treat maker‚Äôs products, as claimed in a viral social media i‚Ä¶",2018-03-04 08:26:42,5,0,Twitter for Android,900284951408586753,Cay69913256,Cay üáøüá¶ Water is Life,2017-08-23 09:13:53,Water warrior | Animal lover | News junkie | Truth | Justice | Promising scribe | God is in control | RT are not endorsements,87,332,"Cape Town, South Africa"
970208888636170240,"RT @AfricaCheck: üíâ Did a #Cadbury employee add his infected blood to the sweet treat maker‚Äôs products, as claimed in a viral social media i‚Ä¶",2018-03-04 08:06:39,5,0,Tweetbot for iŒüS,3722513474,deeFzzuB,Not BuzzFeed,2015-09-29 05:33:16,Â∏∏„Å´ÊîπË£Ö‰∏≠,327,2655,Australia
970207399733850112,"RT @AfricaCheck: üíâ Did a #Cadbury employee add his infected blood to the sweet treat maker‚Äôs products, as claimed in a viral social media i‚Ä¶",2018-03-04 08:00:44,5,0,TweetDeck,185105612,randburg_sun,RandburgSun,2010-08-31 07:00:06,Randburg's local community newspaper keeping you up-to-date with all neighbourhood happenings.,4180,830,
970207383405453312,"RT @AfricaCheck: üíâ Did a #Cadbury employee add his infected blood to the sweet treat maker‚Äôs products, as claimed in a viral social media i‚Ä¶",2018-03-04 08:00:40,5,0,TweetDeck,198459013,NewsNMT,Northcliff Melville,2010-10-04 11:13:13,"News and info about Northcliff, Melville and surrounding suburbs in North Western Johannesburg covered by The Northcliff Melville Times newspaper.",3648,671,Johannesburg NW
970207215108919297,"üíâ Did a #Cadbury employee add his infected blood to the sweet treat maker‚Äôs products, as claimed in a viral social‚Ä¶ https://t.co/rmklV32NqT",2018-03-04 08:00:00,5,1,TweetDeck,625489039,AfricaCheck,Africa Check,2012-07-03 11:34:29,Africa's first independent fact-checking website. Keeping debate honest. Seen a claim that needs to be fact-checked? Use #AfricaCheckIt to tweet us.,38420,4329,
969891663115116545,RT @AfricaCheck: üç´ Sweet-toothed readers can breathe easy - viral image claiming #Cadbury products were infected with HIV is a hoax. https:‚Ä¶,2018-03-03 11:06:06,3,0,Twitter for Android,949563753816842241,Luyandza_GrimR,The Grim Reaper,2018-01-06 08:50:15,Citizen,56,540,"Pretoria, South Africa"
969882756548358144,RT @AfricaCheck: üç´ Sweet-toothed readers can breathe easy - viral image claiming #Cadbury products were infected with HIV is a hoax. https:‚Ä¶,2018-03-03 10:30:43,3,0,Twitter for Android,514065755,MazibukoElvis,Elvis Mazibuko‚Ñ¢,2012-03-04 07:32:42,I am An African||SUNDOWNS & MAN-CITY No1 FAN||Soccer||Rugby||Cricket||Toyota CheetahsüêÜ||Aquarius-Pisces||No-collar||Proudly South Africanüáøüá¶||Free-State,1424,2036,South Africa
969882578009210881,üç´ Sweet-toothed readers can breathe easy - viral image claiming #Cadbury products were infected with HIV is a hoax. https://t.co/KAQq5txSJd,2018-03-03 10:30:00,3,2,TweetDeck,625489039,AfricaCheck,Africa Check,2012-07-03 11:34:29,Africa's first independent fact-checking website. Keeping debate honest. Seen a claim that needs to be fact-checked? Use #AfricaCheckIt to tweet us.,38420,4329,
969685457419231232,RT @Cadbury_SA: @VodacomCare The hoax circulating about a Cadbury employee contaminating chocolate with HIV infected blood is exactly that‚Ä¶,2018-03-02 21:26:43,7,0,Twitter for iPhone,953847383875469312,LeiighAsher,Kaylee,2018-01-18 04:31:52,,23,141,
969453581500932096,This Guy Contaminated ( HIV ) HIS BLOOD In Cadbury Dairy Milk https://t.co/xPTVTkQYLh,2018-03-02 06:05:20,0,0,Twitter for Android,940880302007873538,ghanchi_mushtaq,Mushtaq Ghanchi,2017-12-13 09:45:19,INDIAN CITIZEN,2,105,Bangalore INDIA
969393763503235072,I liked a @YouTube video https://t.co/5w7qtk6EBc Cadbury Products Contaminated With HIV FAKE NEWS ALERT!,2018-03-02 02:07:38,0,0,Google,860514552,DriveMeCrazy16,Driving Me Crazy,2012-10-03 23:42:09,"Vlogs ft thought provoking topics, interesting locations & family friendly entertainment. Subscribe for new uploads: https://t.co/EsUwgpth76",2102,1452,"Rochester, NY"
969340351646494725,"I saw the Cadbury HIV blood story, and assumed it was true.  Also fell prey to the $1000 Amazon gift card scam,... https://t.co/QuYcwBqEZU",2018-03-01 22:35:23,0,0,Facebook,47631644,LAlawMedMBA,Lew Amack,2009-06-16 14:07:26,,24,130,
969302573911076865,Is Anchor Butter Contaminated with HIV? - https://t.co/OHGMwd8Xox #anchor https://t.co/vtxRq9Ji7Y,2018-03-01 20:05:17,0,0,DragPlus,2886449581,cadbury_fans,Cadbury Fans,2014-11-01 14:45:59,"cadbury,Eggs,
Bunny,
Dairy Milk,
Logo,
Mini Eggs,
Products,",868,1793,
969300872827211776,RT @snopes: Add chocolates to the list of good things potentially ruined by fake news: https://t.co/ej9guP73PE,2018-03-01 19:58:31,1,0,Twitter for Windows,177228185,gojohnniegogo,John Berry,2010-08-11 15:56:28,Media enthusaist. Hoping peope are good to each other. Do I get a coconut?,291,724,"Blackburn, Lancashire, England"
969289339548110848,Add chocolates to the list of good things potentially ruined by fake news: https://t.co/ej9guP73PE,2018-03-01 19:12:41,1,4,SocialFlow,14294848,snopes,snopes.com,2008-04-03 17:00:11,"The definitive Internet reference source for urban legends, folklore, myths, rumors, and misinformation.",206625,17,
969271852030816256,#AnchorButter slammed by HIV contamination hoax days after it hit #Cadbury https://t.co/VIzvheA1gn,2018-03-01 18:03:12,0,0,Twitter Web Client,20560162,debunker,David Emery,2009-02-11 00:26:53,"I work at https://t.co/Q7uZwoes2v. Truly bad people! Opinions expressed are my own, albeit shared by billions and billions.",2389,277,United States
969246177395970048,RT @AfricaCheck: üç´ A @Powerfm987 listener asked us to #factcheck this viral image. Did a #Cadbury employee add his blood to the company‚Äôs p‚Ä¶,2018-03-01 16:21:11,5,0,Twitter for Android,194607562,tolulopeab,Tolu Adeleru Balogun,2010-09-24 15:13:26,"Journalist, award winning radio/tv host, producer, and sometimes writer. Nigerian. Grace under pressure. Primus Inter Pares. A.I.A.",33066,987,Nigeria
969222383084195841,Cadbury Products Contaminated With HIV FAKE NEWS ALERT! https://t.co/OCN2G0pmXm,2018-03-01 14:46:38,0,0,Reddit to Twitter 2,938803709462695936,rYoutubeStartUp,Youtube_startups,2017-12-07 16:13:41,This is the Twitter feed for https://t.co/UgPeMSFYyW If you are a new YouTuber feel free to submit your videos to our sub on Reddit,263,260,
969221130090250240,How true is that cadbury worker was caught adding his hiv contaminated blood to cadbury products!??? üò±ü§¨,2018-03-01 14:41:39,0,1,Twitter for iPhone,194694011,ferncurtissmith,Fern Diaz IV,2010-09-24 19:30:49,IG:@ferncurtissmith SC:@ferndiaz12,503,332,+63
969212110709428224,RT @AfricaCheck: Googling ‚Äúhiv blood cadbury chocolate‚Äù confirmed that this story was a hoax. https://t.co/md0d327wZE,2018-03-01 14:05:48,3,0,Twitter Web Client,115302672,vonchy_19,Vuyo Madolo (Mkize),2010-02-18 07:18:40,"Extroverted Introvert. Love's student‚ù§Ô∏è Health Writer, City Press newspaper. Views expressed here are my own. RTs not endorsement",1204,611,Suspended in omnipresent love...
969211786741338113,RT @AfricaCheck: Googling ‚Äúhiv blood cadbury chocolate‚Äù confirmed that this story was a hoax. https://t.co/md0d327wZE,2018-03-01 14:04:31,3,0,Twitter Web Client,111528795,inaskosana,Inappropriate,2010-02-05 07:06:25,A lover of life and hopeless believer. Health researcher at Africa Check,825,909,Gauteng
969210809464295424,RT @AfricaCheck: üç´ A @Powerfm987 listener asked us to #factcheck this viral image. Did a #Cadbury employee add his blood to the company‚Äôs p‚Ä¶,2018-03-01 14:00:38,5,0,Twitter for Android,1675054482,dumisanitebane,üí•VAVAVUUUMüí•,2013-08-16 07:31:10,"If you misdiagnosed the problem, the solution will be wrong.@Masandawana FAN:dumisanitebane@gmail.com",2617,592,"Mpumalanga, South Africa"
969208535253946369,RT @AfricaCheck: Googling ‚Äúhiv blood cadbury chocolate‚Äù confirmed that this story was a hoax. https://t.co/md0d327wZE,2018-03-01 13:51:36,3,0,Twitter Web Client,18017517,pantaphobious,David Ajikobi,2008-12-10 11:56:42,Nigeria Editor at @AfricaCheck Africa's first independent fact-checking website.| Journalism | Media Analysis | Research | RT‚â†Endorsement,1670,1684,"Lagos, Nigeria"
969207428737880064,Googling ‚Äúhiv blood cadbury chocolate‚Äù confirmed that this story was a hoax. https://t.co/md0d327wZE,2018-03-01 13:47:12,3,2,TweetDeck,625489039,AfricaCheck,Africa Check,2012-07-03 11:34:29,Africa's first independent fact-checking website. Keeping debate honest. Seen a claim that needs to be fact-checked? Use #AfricaCheckIt to tweet us.,38420,4329,
969204451994152960,"RT @AfricaCheck: üíâ Did a #Cadbury employee add his infected blood to the sweet treat maker‚Äôs products, as claimed in an image doing the rou‚Ä¶",2018-03-01 13:35:22,1,0,Twitter for Android,35536934,PMath69,Paul Mathai,2009-04-26 19:08:34,Dentist. Proud South African. Interista for Life!,137,224,South Africa
969203513191550976,"üíâ Did a #Cadbury employee add his infected blood to the sweet treat maker‚Äôs products, as claimed in an image doing‚Ä¶ https://t.co/uL9r9Tcy48",2018-03-01 13:31:39,1,0,Twitter Web Client,625489039,AfricaCheck,Africa Check,2012-07-03 11:34:29,Africa's first independent fact-checking website. Keeping debate honest. Seen a claim that needs to be fact-checked? Use #AfricaCheckIt to tweet us.,38420,4329,
969202338606075904,RT @AfricaCheck: üç´ A @Powerfm987 listener asked us to #factcheck this viral image. Did a #Cadbury employee add his blood to the company‚Äôs p‚Ä¶,2018-03-01 13:26:59,5,0,Twitter Web Client,634771255,EveMorris,I'd rather be reading....,2012-07-13 18:24:04,"Feature journalist, photographer, Mum, muse, lover, friend, book addict & lyrics freak. Retweets do NOT indicate agreement. Tweeting in my personal capacity.",634,2182,"Durban, KZN, South Africa"
969201894458576896,RT @AfricaCheck: üç´ A @Powerfm987 listener asked us to #factcheck this viral image. Did a #Cadbury employee add his blood to the company‚Äôs p‚Ä¶,2018-03-01 13:25:13,5,0,Twitter Web Client,18017517,pantaphobious,David Ajikobi,2008-12-10 11:56:42,Nigeria Editor at @AfricaCheck Africa's first independent fact-checking website.| Journalism | Media Analysis | Research | RT‚â†Endorsement,1670,1684,"Lagos, Nigeria"
969201325870403584,üç´ A @Powerfm987 listener asked us to #factcheck this viral image. Did a #Cadbury employee add his blood to the comp‚Ä¶ https://t.co/t7EUvP5JxU,2018-03-01 13:22:57,5,2,Twitter Web Client,625489039,AfricaCheck,Africa Check,2012-07-03 11:34:29,Africa's first independent fact-checking website. Keeping debate honest. Seen a claim that needs to be fact-checked? Use #AfricaCheckIt to tweet us.,38420,4329,
969200087862824960,Cadbury Products Contaminated With HIV FAKE NEWS ALERT!: https://t.co/Ma0vZZxyRD via @YouTube,2018-03-01 13:18:02,1,0,Google,4909645468,StooDogg2409,Stewart Burne-Jones,2016-02-14 16:53:42,"Hey, I'm StooDogg. I make gaming videos. Retrogaming and Star Trek Online mostly.   https://t.co/5ugdTVFl22",1137,3314,"Scotland, United Kingdom"
969146246244925446,RT @Cadbury_SA: @VodacomCare The hoax circulating about a Cadbury employee contaminating chocolate with HIV infected blood is exactly that‚Ä¶,2018-03-01 09:44:05,7,0,Twitter for iPhone,704127568589393921,MezaKylie,Kylie Meza,2016-02-29 02:14:29,üíö Wife and Mummy üíõ üá®üá¥ üá¶üá∫,106,68,"Queensland, Australia"
969079402675015680,PLEASE DO NOT SPREAD BULLSHIT ABOUT CADBURY..DO YOUR RESEARCH!!! https://t.co/TVog4Wa765,2018-03-01 05:18:28,0,0,Facebook,461938646,BoycottDrPepper,Boycott Dr. Pepper,2012-01-12 11:15:32,We are about Boycotting Dr Pepper/Snapple group in support of Dublin Dr. Pepper. The first Dr Pepper Bottling Plant in the World. 120 yrs of making Dr Pepper.,63,95,facebook. Boycott Dr.Pepper
969070896852885504,"What is with this guy getting his HIV blood in Cadbury products? Like okay, it must be bad, but them chocolates tho",2018-03-01 04:44:40,0,0,Twitter for iPhone,55797436,KitkatRamos,You don‚Äôt look like a Kathleen,2009-07-11 09:25:25,Well-loved + kitkatgramos@gmail.com,497,589,Manila
969030341422977024,Worker infected Cadbury products with HIV Virus? Fact Check https://t.co/BMRRD1Jqcz,2018-03-01 02:03:31,0,0,Twitter Web Client,17452375,mjgowho,mjgolch,2008-11-17 22:27:52,just trying to be myself.,148,707,Ohio
968992531215138816,Are Cadbury Products Contaminated with HIV? https://t.co/Axb5oLZSTC via @skinnergj,2018-02-28 23:33:17,0,0,Twitter Web Client,256478435,skinnergj,Dougy's Daily Digest,2011-02-23 12:17:12,"Daily News Digest from sources worldwide, posting up to 400 plus tweets daily. With over 1,000 direct subscribers and 80,000 plus across 165 lists.",1416,2022,"Sydney, New South Wales"
968975736584450050,"RT @snopes: Don't let unfounded fears ruin your children's enjoyment of Easter!
https://t.co/b01gF3t4UN",2018-02-28 22:26:32,1,0,Twitter for Android,31064987,cforce4success,Khalil Charles Penn,2009-04-14 05:17:52,,535,2252,USA
968974822826020865,"Don't let unfounded fears ruin your children's enjoyment of Easter!
https://t.co/b01gF3t4UN",2018-02-28 22:22:55,1,8,SocialFlow,14294848,snopes,snopes.com,2008-04-03 17:00:11,"The definitive Internet reference source for urban legends, folklore, myths, rumors, and misinformation.",206625,17,
968935807947104257,RT @Cadbury_SA: @VodacomCare The hoax circulating about a Cadbury employee contaminating chocolate with HIV infected blood is exactly that‚Ä¶,2018-02-28 19:47:53,7,0,Twitter Lite,961726713699946496,VodacomCare,Vodacom Customer Care,2018-02-08 22:21:31,[Parody Account]Not Affiliated With @Vodacom,121,325,South Africa
968927293761613825,"RT @snopes: A disturbing nugget about chocolates is actually an old, scientifically-inaccurate chestnut originally told about soft drinks:‚Ä¶",2018-02-28 19:14:03,3,0,TweetDeck,371864433,SknqNine,Ren Leaf,2011-09-11 17:23:18,Fuck ads. Fuck fascism. Fuck bigotry. Finally discovering myself.  Enbyfemme Sknq. Softpawpaps forever. Unrepentantly furry. Icon: Ottahz@FA. They/them/she/her.,317,197,"Sheffield, England."
968923019006627840,"RT @snopes: A disturbing nugget about chocolates is actually an old, scientifically-inaccurate chestnut originally told about soft drinks:‚Ä¶",2018-02-28 18:57:04,3,0,Twitter for iPad,23231174,DebMildenstein,Deb,2009-03-07 20:31:43,just me,1432,1923,"England, UK, EU üá™üá∫"
968920230218125312,"A disturbing nugget about chocolates is actually an old, scientifically-inaccurate chestnut originally told about s‚Ä¶ https://t.co/BF7YgiFXhI",2018-02-28 18:45:59,3,7,SocialFlow,14294848,snopes,snopes.com,2008-04-03 17:00:11,"The definitive Internet reference source for urban legends, folklore, myths, rumors, and misinformation.",206625,17,
968914339326582785,@CadburyChocBar We ve been advised not to buy Cadbury products.  Hiv guy remember.  Lol,2018-02-28 18:22:34,0,0,Twitter for Android,1734975090,Mkhize111Siya,Siya Mkhize,2013-09-06 12:41:18,,101,609,Richardsbay
968853919920160769,@ntmaduna Hey Ntombi. The hoax circulating about a Cadbury employee contaminating chocolate with HIV infected blood‚Ä¶ https://t.co/sxEvviS2Id,2018-02-28 14:22:29,0,0,Twitter Web Client,756422396815536128,CadburyChocBar,Cadbury Choc Bars,2016-07-22 09:35:27,The yummiest chocolate around :),8827,148,The Sweet Aisle
968841265394737152,"@beeyoutea22 Hello Buhle. Thanks, for sharing this with us. The hoax circulating about a Cadbury employee contamina‚Ä¶ https://t.co/bM8JXD0Fif",2018-02-28 13:32:12,0,0,Twitter Web Client,713938003,Cadbury_SA,Cadbury Dairy Milk,2012-07-24 08:27:12,"It‚Äôs time to experience not only a glass and a half full of milk, but also a glass and a half full of joy with Cadbury Dairy Milk.",21305,427,South Africa
968841074629373952,@kiddy_rich The hoax circulating about a Cadbury employee contaminating chocolate with HIV infected blood is exactl‚Ä¶ https://t.co/UonhY1dq6f,2018-02-28 13:31:27,0,0,Twitter Web Client,713938003,Cadbury_SA,Cadbury Dairy Milk,2012-07-24 08:27:12,"It‚Äôs time to experience not only a glass and a half full of milk, but also a glass and a half full of joy with Cadbury Dairy Milk.",21305,427,South Africa
968841017532313606,@10Mpho The hoax circulating about a Cadbury employee contaminating chocolate with HIV infected blood is exactly th‚Ä¶ https://t.co/RYh7iCiVmE,2018-02-28 13:31:13,0,0,Twitter Web Client,713938003,Cadbury_SA,Cadbury Dairy Milk,2012-07-24 08:27:12,"It‚Äôs time to experience not only a glass and a half full of milk, but also a glass and a half full of joy with Cadbury Dairy Milk.",21305,427,South Africa
968840848728383488,@athisfaction The hoax circulating about a Cadbury employee contaminating chocolate with HIV infected blood is exac‚Ä¶ https://t.co/65Kx6NMFSt,2018-02-28 13:30:33,0,0,Twitter Web Client,713938003,Cadbury_SA,Cadbury Dairy Milk,2012-07-24 08:27:12,"It‚Äôs time to experience not only a glass and a half full of milk, but also a glass and a half full of joy with Cadbury Dairy Milk.",21305,427,South Africa
968840683908935680,@VodacomCare The hoax circulating about a Cadbury employee contaminating chocolate with HIV infected blood is exact‚Ä¶ https://t.co/24lNYXSTUK,2018-02-28 13:29:53,7,12,Twitter Web Client,713938003,Cadbury_SA,Cadbury Dairy Milk,2012-07-24 08:27:12,"It‚Äôs time to experience not only a glass and a half full of milk, but also a glass and a half full of joy with Cadbury Dairy Milk.",21305,427,South Africa
968818797057593344,"@Andie_mtatana Pple just circulate nonsense.... The HIV virus doesn't survive without a host.
Unless Cadbury is now a human being",2018-02-28 12:02:55,0,1,Twitter for Android,842565296,briandubez,Bryan,2012-09-23 23:12:59,,204,360,Midrand
968787705059528704,It‚Äôs mad how people believe everything they see on Facebook ü§¶üèº‚Äç‚ôÇÔ∏è ‚Äúman contaminated Cadbury products with HIV‚Äù yeah‚Ä¶ https://t.co/YBCUqnoUyC,2018-02-28 09:59:22,0,2,Twitter for iPhone,140520849,c0zzat,cozza,2010-05-05 18:15:05,,1745,976,
968714082865082368,"RT @snopes: Trying to scare people with fake and improbable AIDS hysteria is so 1980s:
https://t.co/df6vC3SFty",2018-02-28 05:06:49,8,0,Twitter for Android,839233281484730368,podcastfakenews,Can't Believe...,2017-03-07 21:56:21,"Welcome to ‚ÄúI Can't Believe It's Not News"" a podcast that discusses fake news, encourages critical thinking, and loves real journalism.  Spread jam, not lies.",51,117,The lovely Pacific Northwest
968557311248678912,"Saw a similar Post about 'Pepsi' Few weeks ago  !
Now
Hiv with 'Cadbury' 
Any
Chain of Gossip  ??? https://t.co/eCHbcotyRq",2018-02-27 18:43:52,0,1,Twitter Web Client,494966093,nirowa74,Niroshana Warnakulas,2012-02-17 13:06:52,"Sales & Marketing 
Executive Manager",1299,199,Sri Lanka - Colombo
968556692525821952,"@cmsteknologies Saw a similar Post about 'Pepsi' Few weeks ago  !
Now
Hiv with 'Cadbury' 
Any
Chain of Gossip  ???",2018-02-27 18:41:25,0,0,Twitter Web Client,494966093,nirowa74,Niroshana Warnakulas,2012-02-17 13:06:52,"Sales & Marketing 
Executive Manager",1299,199,Sri Lanka - Colombo
968546426367168513,Are Cadbury Products Contaminated with HIV? https://t.co/P9L32lkFSV,2018-02-27 18:00:37,0,0,Twitter Web Client,2913923425,ChefEJPhillips,Elizabeth Phillips,2014-11-29 16:02:12,"Cordon Bleu,UofT,UofGuelph,George Brown",742,536,"Midland,On"
968504890388598784,"@fenzilward Hey, that images is from a recently published @snopes piece on this and that‚Äôs better than I could do!‚Ä¶ https://t.co/4ivCWyg25n",2018-02-27 15:15:34,0,1,Twitter for iPhone,2440040641,ULTweets,It's an Urban Legend,2014-04-12 13:40:30,"Retweeting interesting comments on modern folklore. Urban myths, rumors, legends, hoaxes, misconceptions, anecdotes (apocryphal or not). I'm @btaylorblake.",6200,4003,"Chapel Hill, NC, United States"
968450708323340288,@Faith45703984 Hi Faith the hoax circulating about a Cadbury employee contaminating chocolate with HIV infected blo‚Ä¶ https://t.co/JSSFDYRrfl,2018-02-27 11:40:16,0,0,Twitter Web Client,720277688485748736,CadburyPSBar,Cadbury PS Bar,2016-04-13 15:49:17,PS. We love you.,5738,236,The Sweet Aisle.
968368164240228352,#HOAX - Infected Blood Added to #CadburyProducts - #HOAX-Slayer #Facebook #HIV https://t.co/5Qxw5utpw5 https://t.co/XjchgEcyZj,2018-02-27 06:12:16,0,0,Lead Stories Feed Publisher,2839486181,Hoaxolizer,Trending Hoax News,2014-10-21 09:02:21,The most trending news about hoaxes as collected by Trendolizer,970,399,
968214993119383554,"RT @snopes: Nothing to fear from yummy chocolate, except possibly weight gain:
https://t.co/5sMw8ump4r",2018-02-26 20:03:37,2,0,Twitter for Android,956016846922272768,Chibebe5,Chibebe,2018-01-24 04:12:33,,145,509,
968214575601549313,"RT @snopes: Nothing to fear from yummy chocolate, except possibly weight gain:
https://t.co/5sMw8ump4r",2018-02-26 20:01:58,2,0,Twitter Web Client,715728187,IanM0ses,Ian Moses,2012-07-25 08:31:22,"Writer. Video game lover. Lots of ideas for stories currently in my head, as well as on paper. INFJ-T. I stream, sometimes: https://t.co/q5zL62ZCg1",318,997,
968213617786130432,RT @Avert_org: The latest rumour about #HIV being found in food concerns #Cadbury products. Complete nonsense as always - HIV cannot be tra‚Ä¶,2018-02-26 19:58:09,1,0,Twitter for iPhone,776968770,PozLadLincolnUK,Darren,2012-08-23 23:27:36,Its my world that i want to have a little pride in my world and its not a place i have to hide in. i don't want praise and i dont want pitty,290,161,"Lincoln, England"
968211809298771969,"Nothing to fear from yummy chocolate, except possibly weight gain:
https://t.co/5sMw8ump4r",2018-02-26 19:50:58,2,7,SocialFlow,14294848,snopes,snopes.com,2008-04-03 17:00:11,"The definitive Internet reference source for urban legends, folklore, myths, rumors, and misinformation.",206625,17,
968187155083382784,The latest rumour about #HIV being found in food concerns #Cadbury products. Complete nonsense as always - HIV cann‚Ä¶ https://t.co/T3xNOrLwnu,2018-02-26 18:13:00,1,0,TweetDeck,407854944,Avert_org,Avert,2011-11-08 17:01:58,We work to ensure widespread understanding of #HIV and #AIDS in order to reduce new infections and improve the lives of those affected.,3800,1823,UK
968165480681934848,@Will__NE KFC running out of chicken and the man infecting Cadbury‚Äôs with HIV,2018-02-26 16:46:52,0,0,Twitter for iPhone,931207739870732290,TheRealHarry02,Harrison,2017-11-16 17:10:01,Add my sc ; harrybates13 üèâ,4,64,"South West, England"
968145132007641089,#Security   An old hoax with a new twist. It's not true.... https://t.co/T994nGcfZ7,2018-02-26 15:26:01,0,0,Facebook,401989371,SecuHoaxScams,Securit Scams & Hoax,2011-10-31 11:38:41,"Keeping the community up to date with the latest Global, Hoax, Facebook Scams, Online Scams, Internet threats, PC Security Alerts & Protecting your identit",240,2,
968143621500256256,RT @thatsnonsense: Claims that a worker from Cadbury infected products with the HIV virus are not true. An old hoax with a new twist. It's‚Ä¶,2018-02-26 15:20:01,4,0,Twitter for iPad,54463594,chrissiefarran,Christine Farran,2009-07-07 05:41:02,,214,994,Sydney
968135890001448966,RT @thatsnonsense: Claims that a worker from Cadbury infected products with the HIV virus are not true. An old hoax with a new twist. It's‚Ä¶,2018-02-26 14:49:17,4,0,Twitter Web Client,920058990,cynjtorres,Cynthia Torres,2012-11-02 00:06:35,"Liberal, Feminist, Articulate, Outspoken, Fitness/Running loving Wife & Mom! #FBR",152,606,NYC
968134568338436096,RT @thatsnonsense: Claims that a worker from Cadbury infected products with the HIV virus are not true. An old hoax with a new twist. It's‚Ä¶,2018-02-26 14:44:02,4,0,Twitter for Android,52868015,BTH_2k13,Brandon,2009-07-01 22:07:55,"@CW_Arrow, @CW_TheFlash, @TheCW_Legends, @TheCWSupergirl, @AgentsofSHIELD, @Daredevil, @JessicaJones, @LukeCage, @bbcdoctorwho, and the original @Heroes",53,175,
968134477124898816,Claims that a worker from Cadbury infected products with the HIV virus are not true. An old hoax with a new twist.‚Ä¶ https://t.co/fhckeVZwNH,2018-02-26 14:43:41,4,2,Twitter Web Client,70735631,thatsnonsense,That's Nonsense,2009-09-01 17:32:09,"Hit the FOLLOW button to stay ahead of online hoaxes, scams and rumours. Because we debunk ALL that stuff! Hit Follow!",1889,31,UK
968126203117830144,#Snopes  Are Cadbury Products Contaminated with HIV https://t.co/y1JPQnmJbW,2018-02-26 14:10:48,0,0,UFOParanormalNews,2797963749,UFOParanormNews,UFO Paranormal,2014-10-01 13:34:46,"We provide the latest news on #UFO's, #Paranormal, #Ghosts and everything that is strange or weird. Plus many items you may like",70572,50050,
968116806782210048,"Your Cadbury chocolate, as well as your Pepsi, remain un-infected with HIV blood. Eat, drink, and be merry. https://t.co/FJ1Wj2xEAs",2018-02-26 13:33:28,0,0,Facebook,35924889,StrangeFrqRadio,Strange Frequencies,2009-04-28 00:35:04,"2 dorks, 1 podcast.  LIVE Sundays at 3ET. Current events, pop culture, crime, and more.  Let's make skepticism fun again! Hosts: @BobbyNelson_III & @korbus",1716,331,"Toledo, OH"
968113457743704064,"@yamalisa @snopes is the best for detecting this kind of fake news, I meant to say! https://t.co/PEw54cn7n0",2018-02-26 13:20:09,0,0,Twitter Web Client,14979991,tcmallinson,Theresa Mallinson,2008-06-02 13:47:11,Jozi journo.,2370,5001,"Johannesburg, South Africa"
968091438415097856,RT @snopes: Are Cadbury Products Contaminated with HIV? https://t.co/ttPeeVF9SZ,2018-02-26 11:52:39,5,0,Twitter for iPhone,925064968193572865,theculturalrev1,theculturalreview/ tom mallow,2017-10-30 18:20:50,Interviews and shows will be posted here along with any stories that are amusing and interesting. We will be  https://t.co/oGqWSlctF7,169,177,"England, United Kingdom"
968088584380174336,Buy Cadbury shares now. HIV scare put out by the competition perhaps (says my lawyer allegedly). https://t.co/syv5bI7zOC,2018-02-26 11:41:19,0,0,Twitter for iPhone,925064968193572865,theculturalrev1,theculturalreview/ tom mallow,2017-10-30 18:20:50,Interviews and shows will be posted here along with any stories that are amusing and interesting. We will be  https://t.co/oGqWSlctF7,169,177,"England, United Kingdom"
968076633537212416,"RT @snopes: Trying to scare people with fake and improbable AIDS hysteria is so 1980s:
https://t.co/df6vC3SFty",2018-02-26 10:53:50,8,0,Twitter for iPhone,50584308,mariamzzarella,Maria Vultaggio,2009-06-25 07:47:26,Editrix @Newsweek  Queen üñ§,3244,1460,"Brooklyn, NY"
968056782852579328,RT @snopes: Are Cadbury Products Contaminated with HIV? https://t.co/ttPeeVF9SZ,2018-02-26 09:34:57,5,0,Twitter for iPhone,19244022,divadgniflhor,An Dave,2009-01-20 16:40:25,üåπ mistletoe killing an oak   https://t.co/QG2EogX2FI,306,1742,"Anchorage, AK"
968048290477506561,RT @snopes: Are Cadbury Products Contaminated with HIV? https://t.co/ttPeeVF9SZ,2018-02-26 09:01:12,5,0,Twitter for Android,2743065427,DarkLordPrime,Dark Lord Prime,2014-08-18 20:45:52,"Web-surfer, all around goofball, and aspiring singer.  Anybody got an extra recording contract I could have?  :-)",428,887,Indiana
968047187337789440,RT @snopes: Are Cadbury Products Contaminated with HIV? https://t.co/ttPeeVF9SZ,2018-02-26 08:56:49,5,0,Twitter for iPad,916079711687663616,JohnNeeley10,John Neeley,2017-10-05 23:16:37,"Creative Christian Soul: Film Maker, Poet, Prose Writer, & Musician- guitar. I Love Chicago Blues, Delta, Texas, & Early R & R Music, & Johnny Cash Music.",120,105,USA
968045342494154753,RT @snopes: Are Cadbury Products Contaminated with HIV? https://t.co/ttPeeVF9SZ,2018-02-26 08:49:29,5,0,Twitter for iPad,3047227956,msariaferreira,Aria Ferreiraüé∂üé∂,2015-02-27 17:52:08,"#Therapist / #SocialWorker / #RealEstate agent. Green-eyed üé∂-lover. HOPEful, positive soul. passionately ‚ù§Ô∏è's life #NoRegrets. Speak English, üáµüáπ & üá´üá∑üçÄ",939,763,Global
968039695904116736,Are Cadbury Products Contaminated with HIV? https://t.co/ttPeeVF9SZ,2018-02-26 08:27:03,5,6,SocialFlow,14294848,snopes,snopes.com,2008-04-03 17:00:11,"The definitive Internet reference source for urban legends, folklore, myths, rumors, and misinformation.",206625,17,
967994663373176833,Like no joke literally just had to tell someone that their shared post about Cadbury chocolate being contaminated w‚Ä¶ https://t.co/WhIi9U6umX,2018-02-26 05:28:06,0,3,Twitter Web Client,34709699,rhiminee,rhiminee,2009-04-23 19:51:41,Singing along and scaring the sheep.,755,271,
967980669212200960,Are Cadbury Products Contaminated with HIV? https://t.co/IlnRazhxgJ,2018-02-26 04:32:30,0,0,Facebook,221088638,poppypennies,denise szostek,2010-11-29 18:16:58,,61,301,philadelphia
967979796843044868,Are Cadbury Products Contaminated with HIV? https://t.co/yerNnvB1ah https://t.co/KM9jbmV0vT,2018-02-26 04:29:02,0,0,dlvr.it,818270767406317569,ElioCollazo,Elio Collazo,2017-01-09 01:38:48,,55,249,
967967729712943105,Are Cadbury Products Contaminated with HIV? https://t.co/gPPTsHNlr6 via @snopes #snopes https://t.co/pXGTfcvpIe,2018-02-26 03:41:05,0,0,dlvr.it,14737210,ap236,Peter V. Tretter,2008-05-11 21:40:42,President & CEO of Journey to Diversity Workplaces. Former Barrie Green Party President. Sci-fi fan. Agent of Change! https://t.co/D8HtOhQElf,964,685,"Barrie, Ontario, Canada"
967929705591537665,"RT @snopes: Trying to scare people with fake and improbable AIDS hysteria is so 1980s:
https://t.co/df6vC3SFty",2018-02-26 01:09:59,8,0,Twitter for Android,604542801,DrProximo,üéº üôÉ o…Øƒ±xo…πd …πp üé§,2012-06-10 12:00:00,"nerdcore rapper, philosopher, time traveler, Gryffindor üôÉüéÆüññüá®üá¶ homeless in winter, maybe buy me coffee? https://t.co/EQEemI2BQN",186,376,"wherever I go, there I am"
967928532839096321,Are Cadbury Products Contaminated with HIV? - https://t.co/OHGMwd8Xox #cadbury https://t.co/AB2rJFOZK6,2018-02-26 01:05:20,0,1,DragPlus,2886449581,cadbury_fans,Cadbury Fans,2014-11-01 14:45:59,"cadbury,Eggs,
Bunny,
Dairy Milk,
Logo,
Mini Eggs,
Products,",868,1793,
967923588576587777,"RT @snopes: Trying to scare people with fake and improbable AIDS hysteria is so 1980s:
https://t.co/df6vC3SFty",2018-02-26 00:45:41,8,0,Twitter for Android,28103790,vdutat,Vincent Dutat,2009-04-01 13:21:47,"Belgian Software Engineer @ Nuxeo - https://t.co/md8ApE6yGa - 
A Walloon in California",217,560,"San Jose, California"
967914570064060416,"RT @snopes: Trying to scare people with fake and improbable AIDS hysteria is so 1980s:
https://t.co/df6vC3SFty",2018-02-26 00:09:51,8,0,Twitter for iPhone,176202886,ermerh,emma.,2010-08-08 21:50:45,"i think im interesting, but im not. snapchat: flynnammin",201,448,unomaha
967914317814423552,Are Cadbury Products Contaminated with HIV? https://t.co/a0exp7kK9a https://t.co/ypSSxowd5L,2018-02-26 00:08:51,0,0,DestroyTwitter,911716465,CookingNewz,Cooking Newz,2012-10-29 04:10:18,The best #recipes and all the #cooking news in real time on our account. Don't forget to #follow us!,17475,3672,World
967912298978381824,Are Cadbury Products Contaminated with HIV? https://t.co/Xg8gahECBK,2018-02-26 00:00:49,0,0,EIN News Publisher,324910911,EINPepsiNews,EIN Pepsi-Cola News,2011-06-27 12:29:40,Latest Pepsi-Cola news for industry professionals & analysts. Pepsi-Cola Daily Report is a media monitoring service provided by EIN News.,447,562,"Washington, D.C."
967911543882043392,Are Cadbury Products Contaminated with HIV? https://t.co/oMm0lTit9A Really?,2018-02-25 23:57:49,0,0,Google,56135553,mythmanjay,"Lord o`Dance, Said He",2009-07-12 17:02:07,"not quite a comic-- On a campaign to MAKE YOU LOOK AT ME! to get a light-hearted view of some dark, heavy news. -- Personally; I'm something 'like' a comedian,",2213,5001,"Rambling Acres, Oklahoma OKC"
967911348893077506,Are Cadbury Products Contaminated with HIV? https://t.co/hOlZNYC27q https://t.co/5i4v3ediV9,2018-02-25 23:57:03,0,0,Lead Stories Feed Publisher,2839486181,Hoaxolizer,Trending Hoax News,2014-10-21 09:02:21,The most trending news about hoaxes as collected by Trendolizer,970,399,
967908080737374208,Are Cadbury Products Contaminated with HIV? - https://t.co/txUGxAsjfa https://t.co/vYAzIBZ8NN‚Ä¶ https://t.co/73pCl84o6J,2018-02-25 23:44:03,0,0,dlvr.it,955945384479739904,janbokjanbok,Jan Bok,2018-01-23 23:28:35,https://t.co/6whuXxkAIn,3,30,
967908041910665217,"RT @snopes: Trying to scare people with fake and improbable AIDS hysteria is so 1980s:
https://t.co/df6vC3SFty",2018-02-25 23:43:54,8,0,Twitter Web Client,2578024303,PizzaPisaPizza,Co. Li. N. ü§ñ,2014-06-20 04:18:23,"Engineer, anthropologist, tinkerer, geek, atheist, heuristic robot w/#ASD. Hates #flatearth, #antivax, #homeopathy, and self-published novels. Dubitabam ego sum",2039,2798,Sqornshellous Zeta
967907137774080000,Are Cadbury Products Contaminated with HIV?: https://t.co/sMIOo2rL78,2018-02-25 23:40:19,0,1,Twitter Web Client,35346943,pops131,pops,2009-04-25 23:59:17,"I'm a retired Brit living in Taiwan.Tweet-aholic who always follow back,but be aware if you unfollow me i will unfollow you.Happy Tweets:)",78586,79287,"Taiwan(Sanchong,Taipei)"
967906582188064768,Are Cadbury Products Contaminated with HIV? https://t.co/N6kcbCBrWd https://t.co/Qg9PazU4pk,2018-02-25 23:38:06,0,0,dlvr.it,808475908394905600,zabdielm91,Zabdiel Mosquera,2016-12-13 00:57:32,,63,429,
967906181900652546,Are Cadbury Products Contaminated with HIV? Are Cadbury Products Contaminated with HIV? via #Snopes #FactCheck https://t.co/wLLkoMWylc,2018-02-25 23:36:31,0,0,IFTTT,855674316373020673,SimplifyReason,Simplified Reason,2017-04-22 06:47:09,Simplified Source is a #NonPartisan political group with the objective of discussing all political issues with reason. #American #Politics,17,112,United States
967905639602294784,"RT @snopes: Trying to scare people with fake and improbable AIDS hysteria is so 1980s:
https://t.co/df6vC3SFty",2018-02-25 23:34:21,8,0,Twitter for iPhone,874871318302380032,purplepoppyseed,„ÇÇ„Åó„ÇÇ„Åóüî∫üè≥Ô∏è‚Äçüåàüêù,2017-06-14 06:09:11,"poppyseed. also a lorde & princess nokia stan, a rina sawayama stan, a flower boy, and a lover of film and stephen king novels. #wecallbs",310,562,biscuit town
967905596690268160,Are Cadbury Products Contaminated with HIV? https://t.co/D09fqbAqiX,2018-02-25 23:34:11,0,0,IFTTT,4876377288,FactandMythCom,Fact and Myth,2016-02-08 02:04:57,"Facts and Myths: Politics, Current Events, History, Fake News, Economics, Donald Trump.",2587,41,
967905579799851008,"Trying to scare people with fake and improbable AIDS hysteria is so 1980s:
https://t.co/df6vC3SFty",2018-02-25 23:34:07,8,28,SocialFlow,14294848,snopes,snopes.com,2008-04-03 17:00:11,"The definitive Internet reference source for urban legends, folklore, myths, rumors, and misinformation.",206625,17,
